<config>

	<set xpath="/gamestages/spawner[@name='WanderingHorde']/gamestage[@stage='01']/spawn/@num">15</set>
	<set xpath="/gamestages/spawner[@name='WanderingHorde']/gamestage[@stage='02']/spawn/@num">15</set>
	<set xpath="/gamestages/spawner[@name='WanderingHorde']/gamestage[@stage='03']/spawn/@num">16</set>
	<set xpath="/gamestages/spawner[@name='WanderingHorde']/gamestage[@stage='05']/spawn/@num">16</set>
	<set xpath="/gamestages/spawner[@name='WanderingHorde']/gamestage[@stage='06']/spawn/@num">17</set>
	<set xpath="/gamestages/spawner[@name='WanderingHorde']/gamestage[@stage='07']/spawn/@num">17</set>
	<set xpath="/gamestages/spawner[@name='WanderingHorde']/gamestage[@stage='09']/spawn/@num">18</set>
	<set xpath="/gamestages/spawner[@name='WanderingHorde']/gamestage[@stage='10']/spawn/@num">18</set>
	<set xpath="/gamestages/spawner[@name='WanderingHorde']/gamestage[@stage='11']/spawn/@num">19</set>
	<set xpath="/gamestages/spawner[@name='WanderingHorde']/gamestage[@stage='13']/spawn/@num">19</set>
	<set xpath="/gamestages/spawner[@name='WanderingHorde']/gamestage[@stage='14']/spawn/@num">20</set>
	<set xpath="/gamestages/spawner[@name='WanderingHorde']/gamestage[@stage='15']/spawn/@num">20</set>
	<set xpath="/gamestages/spawner[@name='WanderingHorde']/gamestage[@stage='16']/spawn/@num">21</set>
	<set xpath="/gamestages/spawner[@name='WanderingHorde']/gamestage[@stage='17']/spawn/@num">21</set>
	<set xpath="/gamestages/spawner[@name='WanderingHorde']/gamestage[@stage='18']/spawn/@num">22</set>
	<set xpath="/gamestages/spawner[@name='WanderingHorde']/gamestage[@stage='19']/spawn/@num">22</set>
	<set xpath="/gamestages/spawner[@name='WanderingHorde']/gamestage[@stage='21']/spawn/@num">23</set>
	<set xpath="/gamestages/spawner[@name='WanderingHorde']/gamestage[@stage='22']/spawn/@num">23</set>
	<set xpath="/gamestages/spawner[@name='WanderingHorde']/gamestage[@stage='23']/spawn/@num">24</set>
	<set xpath="/gamestages/spawner[@name='WanderingHorde']/gamestage[@stage='24']/spawn/@num">24</set>
	<set xpath="/gamestages/spawner[@name='WanderingHorde']/gamestage[@stage='25']/spawn/@num">25</set>
	<set xpath="/gamestages/spawner[@name='WanderingHorde']/gamestage[@stage='26']/spawn/@num">25</set>
	<set xpath="/gamestages/spawner[@name='WanderingHorde']/gamestage[@stage='28']/spawn/@num">26</set>
	<set xpath="/gamestages/spawner[@name='WanderingHorde']/gamestage[@stage='29']/spawn/@num">26</set>
	<set xpath="/gamestages/spawner[@name='WanderingHorde']/gamestage[@stage='30']/spawn/@num">27</set>
	<set xpath="/gamestages/spawner[@name='WanderingHorde']/gamestage[@stage='31']/spawn/@num">27</set>
	<set xpath="/gamestages/spawner[@name='WanderingHorde']/gamestage[@stage='32']/spawn/@num">28</set>
	<set xpath="/gamestages/spawner[@name='WanderingHorde']/gamestage[@stage='33']/spawn/@num">28</set>
	<set xpath="/gamestages/spawner[@name='WanderingHorde']/gamestage[@stage='35']/spawn/@num">29</set>
	<set xpath="/gamestages/spawner[@name='WanderingHorde']/gamestage[@stage='36']/spawn/@num">29</set>
	<set xpath="/gamestages/spawner[@name='WanderingHorde']/gamestage[@stage='37']/spawn/@num">30</set>
	<set xpath="/gamestages/spawner[@name='WanderingHorde']/gamestage[@stage='39']/spawn/@num">30</set>
	<set xpath="/gamestages/spawner[@name='WanderingHorde']/gamestage[@stage='40']/spawn/@num">31</set>
	<set xpath="/gamestages/spawner[@name='WanderingHorde']/gamestage[@stage='42']/spawn/@num">31</set>
	<set xpath="/gamestages/spawner[@name='WanderingHorde']/gamestage[@stage='43']/spawn/@num">32</set>
	<set xpath="/gamestages/spawner[@name='WanderingHorde']/gamestage[@stage='44']/spawn/@num">32</set>
	<set xpath="/gamestages/spawner[@name='WanderingHorde']/gamestage[@stage='45']/spawn/@num">33</set>
	<set xpath="/gamestages/spawner[@name='WanderingHorde']/gamestage[@stage='46']/spawn/@num">33</set>
	<set xpath="/gamestages/spawner[@name='WanderingHorde']/gamestage[@stage='48']/spawn/@num">34</set>
	<set xpath="/gamestages/spawner[@name='WanderingHorde']/gamestage[@stage='49']/spawn/@num">34</set>


</config>